{
  "55129 Mainz, Deutschland": [
    49.9647693,
    8.2434157
  ],
  "Am Altenhof 15, 67655 Kaiserslautern, Deutschland": [
    49.4441065,
    7.7686373
  ],
  "Am Turnerheim 1, 67657 Kaiserslautern, Deutschland": [
    49.4495183,
    7.7678746
  ],
  "August-Horch-Str. 6, 56070 Koblenz, Deutschland": [
    50.3895583,
    7.5708933
  ],
  "August-Horch-Str. 6-8, 56070 Koblenz, Deutschland": [
    50.3894351,
    7.5720768
  ],
  "August-Horch-Str. 8, 56070 Koblenz, Deutschland": [
    50.3894351,
    7.5720768
  ],
  "August-Horch-Straße 8, 56070 Koblenz, Deutschland": [
    50.3894351,
    7.5720768
  ],
  "August-Horch-Straße 9, 56070 Koblenz, Deutschland": [
    50.3835106,
    7.5590697
  ],
  "Im Grein 5, 76829 Landau in der Pfalz, Deutschland": [
    49.2117701,
    8.1271493
  ],
  "Im Stadtwald 15, 67663 Kaiserslautern, Deutschland": [
    49.4261268,
    7.7748284
  ],
  "Karlsbader Str. 2, 67065 Ludwigshafen am Rhein, Deutschland": [
    49.4760852,
    8.4080881
  ],
  "Loebstr.  18, 54292 Trier, Deutschland": [
    49.775426,
    6.6804464
  ],
  "Loebstraße 18, 54292 Trier, Deutschland": [
    49.7754619,
    6.6805129
  ],
  "Rathausstr. 32, 57537 Wissen, Deutschland": [
    50.7821939,
    7.740086
  ],
  "Ravenéstr. 18-20, 56812 Cochem, Deutschland": [
    50.1524067,
    7.1673054
  ],
  "Schlossweg 6, 55756 Herrstein, Deutschland": [
    49.7813929,
    7.3375888
  ],
  "Siemensstr. 8, 55543 Bad Kreuznach, Deutschland": [
    49.850123,
    7.8827044
  ],
  "St. Elisabeth Str. 2, 56073 Koblenz, Deutschland": [
    50.3603382,
    7.5844202
  ],
  "Vor dem Tor 2, 55469 Simmern, Deutschland": [
    49.9837081,
    7.5250674
  ],
  "Wilhelmstr. 20, 53474 Bad Neuenahr-Ahrweiler, Deutschland": [
    50.5456433,
    7.1017081
  ]
}
