{
  "00000 keine Angabe, Brandenburg, Deutschland": null,
  "55129 Mainz, Deutschland": [
    49.9647693,
    8.2434157
  ],
  "98527 Suhl, Deutschland": [
    50.6102323,
    10.6894679
  ],
  "98530 Rohr In den Warenkorb, Deutschland": [
    51.7754374,
    7.9334753
  ],
  "Albert-Schweitzer-Ring 8, 22045 Hamburg, Deutschland": [
    53.5802004,
    10.1200455
  ],
  "Allee 76, 74072 Heilbronn, Deutschland": [
    49.145351,
    9.2236557
  ],
  "Altmarkt 17, 03046 Cottbus, Deutschland": [
    51.7610067,
    14.3352034
  ],
  "Am Altenhof 15, 67655 Kaiserslautern, Deutschland": [
    49.4441065,
    7.7686373
  ],
  "Am Lagerplatz 8, 01099 Dresden, Deutschland": [
    51.0833678,
    13.7677525
  ],
  "Am Lurzenhof 10 b, 84036 Landshut, Deutschland": [
    48.5594648,
    12.1999128
  ],
  "Am Mühlenberg 15, 14550 Groß Kreutz (Havel), Deutschland": [
    52.4063025,
    12.7280699
  ],
  "Am Stadtberg 19, 89407 Dillingen, Deutschland": [
    48.5753811,
    10.4972272
  ],
  "Am Turnerheim 1, 67657 Kaiserslautern, Deutschland": [
    49.4495183,
    7.7678746
  ],
  "Ansbach, Bayern, Deutschland": [
    49.2888745,
    10.5597693
  ],
  "Artur-Scheunert-Allee 40-41, 14558 Nuthetal, Deutschland": [
    52.3529105,
    13.1031758
  ],
  "Auedamm 18, 34123 Kassel, Deutschland": [
    51.3021202,
    9.4991416
  ],
  "Auf der Roten Erde 9, 34537 Bad Wildungen, Deutschland": [
    51.1300434,
    9.1225344
  ],
  "August-Horch-Str. 6, 56070 Koblenz, Deutschland": [
    50.3895583,
    7.5708933
  ],
  "August-Horch-Str. 6-8, 56070 Koblenz, Deutschland": [
    50.3894351,
    7.5720768
  ],
  "August-Horch-Str. 8, 56070 Koblenz, Deutschland": [
    50.3894351,
    7.5720768
  ],
  "August-Horch-Straße 8, 56070 Koblenz, Deutschland": [
    50.3894351,
    7.5720768
  ],
  "August-Horch-Straße 9, 56070 Koblenz, Deutschland": [
    50.3835106,
    7.5590697
  ],
  "BTZ Pirna Feistenbergstraße 40, 01796 Dresden, Deutschland": [
    50.9566332,
    13.9211076
  ],
  "Bahnhofstraße 1, 09456 Annaberg-Buchholz, Deutschland": [
    50.5739084,
    13.0021358
  ],
  "Bernhard-Suttner-Straße 5, 92637 Weiden, Deutschland": [
    49.6703429,
    12.1626407
  ],
  "Bramscher Straße 134 - 136, 49088 Osnabrück, Deutschland": [
    52.290842,
    8.0401607
  ],
  "Bramscher Straße 134-136, 49088 Osnabrück, Deutschland": [
    52.290842,
    8.0401607
  ],
  "Braunschweig, Niedersachsen, Deutschland": [
    52.2646577,
    10.5236066
  ],
  "Brunhildenstraße 110, 65189 Wiesbaden, Deutschland": [
    50.0652806,
    8.2590004
  ],
  "Brückenkopf 3, 85051 Ingolstadt, Deutschland": [
    48.7587386,
    11.4306481
  ],
  "Brückenkopf 5, 85051 Ingolstadt, Deutschland": [
    48.7589347,
    11.4306089
  ],
  "Bärensteiner Straße 2, 09456 Annaberg-Buchholz, Deutschland": [
    50.5726466,
    13.0021155
  ],
  "Charlottenhof 1, 92421 Schwandorf, Deutschland": [
    49.3456906,
    12.1756219
  ],
  "Christangerstraße 12, 84347 Pfarrkirchen, Deutschland": [
    48.4287108,
    12.9312606
  ],
  "Dachplatten und Dachziegeln Außenwandbekleidung Holz- und Metallarbeiten Dachabdichtungen Projektarbeit Ihr Kurs im Detail als Download Kursinformationen downloaden Zielgruppe Voraussetzung Kursort Gästehaus Hinweis Gesellen des Dachdeckerhandwerks Gesellenabschluss im Dachdeckerhandwerk oder anderer Gewerke mit mehrjähriger Berufserfahrung im Dachdeckerhandwerk LBZ - Landesbildungszentrum des Sächsischen Dachdeckerhandwerks e.V. Lößnitzer Str. 50, 08301 Bad Schlema, Deutschland": null,
  "Dachplatten und Dachziegeln Außenwandbekleidung Holz- und Metallarbeiten Dachabdichtungen Projektarbeit Ihr Kurs im Detail als Download Kursinformationen downloaden Zielgruppe Voraussetzung Kursort Gästehaus Hinweis Gesellen des Dachdeckerhandwerks Gesellenabschluss im Dachdeckerhandwerk oder anderer Gewerke mit mehrjähriger Berufserfahrung im Dachdeckerhandwerk LBZ - Landesbildungszentrum des Sächsischen Dachdeckerhandwerks e.V. Lößnitzer Str. 50, 08301 Dresden, Deutschland": null,
  "Dahlenburger Landstraße 62, 21337 Lüneburg, Deutschland": [
    53.2481679,
    10.4264587
  ],
  "Daimlerstraße 46, 76185 Karlsruhe, Deutschland": [
    49.0313222,
    8.3591262
  ],
  "Deula Rendsburg, Schleswig-Holstein, Deutschland": [
    54.288023,
    9.6720667
  ],
  "Deumentenstraße 1, 90489 Nürnberg, Deutschland": [
    49.4638359,
    11.0973984
  ],
  "Dieselstr. 12, 97082 Würzburg, Deutschland": [
    49.7990834,
    9.9071335
  ],
  "Dillufer 40, 35576 Wetzlar, Deutschland": [
    50.5548159,
    8.4921662
  ],
  "Ditthornstraße 10, 93055 Regensburg, Deutschland": [
    49.0144753,
    12.1382992
  ],
  "Dresdner Straße 11/13, 04103 Leipzig, Deutschland": [
    51.3390316,
    12.3918037
  ],
  "Erfurt, Thüringen, Deutschland": [
    50.9777974,
    11.0287364
  ],
  "Fachschulstraße 15, 94227 Zwiesel, Deutschland": [
    49.0199272,
    13.2286631
  ],
  "Falderbaumstraße 18-20, 34123 Kassel, Deutschland": [
    51.2841009,
    9.498614
  ],
  "Falderbaumstraße 20, 34123 Kassel, Deutschland": [
    51.2841009,
    9.498614
  ],
  "Flensburg, Schleswig-Holstein, Deutschland": [
    54.5797194,
    9.5331938
  ],
  "Freyunger Straße 8, 94065 Waldkirchen, Deutschland": [
    48.7345043,
    13.6043761
  ],
  "Friedrich-Engels-Ring 11, 17033 Neubrandenburg, Deutschland": [
    53.5612193,
    13.2606667
  ],
  "Friedrichsbruch 3, 07349 Lehesten, Deutschland": [
    50.4796375,
    11.4489243
  ],
  "Friedrichstraße 3, 79761 Waldshut-Tiengen, Deutschland": [
    47.6246072,
    8.2170138
  ],
  "Fritz-Hoffmann-Straße 3, 91301 Forchheim, Deutschland": [
    49.7353293,
    11.0593688
  ],
  "Frühlingstraße 13, 93413 Cham, Deutschland": [
    49.224435,
    12.6796411
  ],
  "Galgenleite 3, 97424 Schweinfurt, Deutschland": [
    50.0538491,
    10.2229162
  ],
  "Garbsen, Niedersachsen, Deutschland": [
    52.4276606,
    9.6005102
  ],
  "Gera, Thüringen, Deutschland": [
    50.9526146,
    12.1220551
  ],
  "Goerdelerstraße 139, 36100 Petersberg, Deutschland": [
    50.5673891,
    9.699491
  ],
  "Graefestr. 24, 06110 Halle (Saale), Deutschland": [
    51.4733282,
    11.9712752
  ],
  "Graflinger Straße 105, 94469 Deggendorf, Deutschland": [
    48.84793,
    12.9572569
  ],
  "Gute Änger 11, 85356 Freising, Deutschland": [
    48.3888054,
    11.7586366
  ],
  "Gutenbergstraße 49, 68167 Mannheim, Deutschland": [
    49.4936232,
    8.5038439
  ],
  "Hamburger Straße 234, 38114 Braunschweig, Deutschland": [
    52.2850901,
    10.5199812
  ],
  "Hasenhägweg 67, 63741 Aschaffenburg, Deutschland": [
    49.9881654,
    9.1079515
  ],
  "Hauptstraße 112, 09548 Seiffen, Deutschland": [
    50.6475587,
    13.4559016
  ],
  "Heinrich-Heine-Straße 45, 07937 Zeulenroda-Triebes, Deutschland": [
    50.6531977,
    11.9958817
  ],
  "Hennickendorf, Brandenburg, Deutschland": [
    52.1667755,
    13.1045766
  ],
  "Hertzstr. 177, 76187 Karlsruhe, Deutschland": [
    49.039484,
    8.36939
  ],
  "Hertzstraße 177, 76187 Karlsruhe, Deutschland": [
    49.039484,
    8.36939
  ],
  "Hertzstraße 24a, 96050 Bamberg, Deutschland": [
    49.8918568,
    10.926158
  ],
  "Hertzstraße 8, 03238 Massen-Niederlausitz, Deutschland": [
    51.6344515,
    13.7374906
  ],
  "Hindelanger Straße 39, 87527 Sonthofen, Deutschland": [
    47.5125094,
    10.291493
  ],
  "Hindenburgstraße 58, 72762 Reutlingen, Deutschland": [
    48.4857514,
    9.2063686
  ],
  "Hinterer Floßanger 1, 96450 Coburg, Deutschland": [
    50.2713886,
    10.9718498
  ],
  "Holderäckerstraße 37, 70499 Stuttgart, Deutschland": [
    48.8229051,
    9.0972983
  ],
  "Husum, Schleswig-Holstein, Deutschland": [
    54.4854137,
    9.0537941
  ],
  "Im Grein 5, 76829 Landau in der Pfalz, Deutschland": [
    49.2117701,
    8.1271493
  ],
  "Im Stadtwald 15, 67663 Kaiserslautern, Deutschland": [
    49.4261268,
    7.7748284
  ],
  "In der Schremsche 3, 07407 Rudolstadt, Deutschland": [
    50.6964904,
    11.3182985
  ],